<?xml version="1.0" encoding="UTF-8"?>
<project-private xmlns="http://www.netbeans.org/ns/project-private/1">
    <editor-bookmarks xmlns="http://www.netbeans.org/ns/editor-bookmarks/2" lastBookmarkId="0"/>
    <open-files xmlns="http://www.netbeans.org/ns/projectui-open-files/2">
        <group>
            <file>file:/C:/Users/manuelpc97/Documents/Periodo4_2017/Concurrencia/actividad6Concu/DistribucionChat/src/distribucionchat/Control.java</file>
            <file>file:/C:/Users/manuelpc97/Documents/Periodo4_2017/Concurrencia/actividad6Concu/DistribucionChat/src/distribucionchat/Cliente.java</file>
            <file>file:/C:/Users/manuelpc97/Documents/Periodo4_2017/Concurrencia/actividad6Concu/DistribucionChat/src/distribucionchat/MensajeImpl.java</file>
            <file>file:/C:/Users/manuelpc97/Documents/Periodo4_2017/Concurrencia/actividad6Concu/DistribucionChat/src/distribucionchat/ClienteGUI.java</file>
            <file>file:/C:/Users/manuelpc97/Documents/Periodo4_2017/Concurrencia/actividad6Concu/DistribucionChat/src/distribucionchat/Mensaje.java</file>
            <file>file:/C:/Users/manuelpc97/Documents/Periodo4_2017/Concurrencia/actividad6Concu/DistribucionChat/src/distribucionchat/Servidor.java</file>
        </group>
    </open-files>
</project-private>
